{
  "hash": "5586fc49",
  "configHash": "bd46f609",
  "lockfileHash": "3e11b413",
  "browserHash": "0581b497",
  "optimized": {
    "@angular/common": {
      "src": "../../../../../node_modules/@angular/common/fesm2022/common.mjs",
      "file": "@angular_common.js",
      "fileHash": "257db6a7",
      "needsInterop": false
    },
    "@angular/common/http": {
      "src": "../../../../../node_modules/@angular/common/fesm2022/http.mjs",
      "file": "@angular_common_http.js",
      "fileHash": "0ee84c01",
      "needsInterop": false
    },
    "@angular/core": {
      "src": "../../../../../node_modules/@angular/core/fesm2022/core.mjs",
      "file": "@angular_core.js",
      "fileHash": "a55c2452",
      "needsInterop": false
    },
    "@angular/forms": {
      "src": "../../../../../node_modules/@angular/forms/fesm2022/forms.mjs",
      "file": "@angular_forms.js",
      "fileHash": "8d2258e7",
      "needsInterop": false
    },
    "@angular/material/button": {
      "src": "../../../../../node_modules/@angular/material/fesm2022/button.mjs",
      "file": "@angular_material_button.js",
      "fileHash": "040e43f5",
      "needsInterop": false
    },
    "@angular/material/dialog": {
      "src": "../../../../../node_modules/@angular/material/fesm2022/dialog.mjs",
      "file": "@angular_material_dialog.js",
      "fileHash": "df6e4dbe",
      "needsInterop": false
    },
    "@angular/material/form-field": {
      "src": "../../../../../node_modules/@angular/material/fesm2022/form-field.mjs",
      "file": "@angular_material_form-field.js",
      "fileHash": "30cf9437",
      "needsInterop": false
    },
    "@angular/material/icon": {
      "src": "../../../../../node_modules/@angular/material/fesm2022/icon.mjs",
      "file": "@angular_material_icon.js",
      "fileHash": "eec0c7aa",
      "needsInterop": false
    },
    "@angular/material/input": {
      "src": "../../../../../node_modules/@angular/material/fesm2022/input.mjs",
      "file": "@angular_material_input.js",
      "fileHash": "07f5bb14",
      "needsInterop": false
    },
    "@angular/material/menu": {
      "src": "../../../../../node_modules/@angular/material/fesm2022/menu.mjs",
      "file": "@angular_material_menu.js",
      "fileHash": "edf8af8a",
      "needsInterop": false
    },
    "@angular/material/snack-bar": {
      "src": "../../../../../node_modules/@angular/material/fesm2022/snack-bar.mjs",
      "file": "@angular_material_snack-bar.js",
      "fileHash": "67906ec8",
      "needsInterop": false
    },
    "@angular/material/toolbar": {
      "src": "../../../../../node_modules/@angular/material/fesm2022/toolbar.mjs",
      "file": "@angular_material_toolbar.js",
      "fileHash": "56b5706f",
      "needsInterop": false
    },
    "@angular/material/tooltip": {
      "src": "../../../../../node_modules/@angular/material/fesm2022/tooltip.mjs",
      "file": "@angular_material_tooltip.js",
      "fileHash": "5b6f0aa7",
      "needsInterop": false
    },
    "@angular/platform-browser": {
      "src": "../../../../../node_modules/@angular/platform-browser/fesm2022/platform-browser.mjs",
      "file": "@angular_platform-browser.js",
      "fileHash": "0a35326f",
      "needsInterop": false
    },
    "@angular/platform-browser/animations": {
      "src": "../../../../../node_modules/@angular/platform-browser/fesm2022/animations.mjs",
      "file": "@angular_platform-browser_animations.js",
      "fileHash": "069483eb",
      "needsInterop": false
    },
    "@angular/platform-browser/animations/async": {
      "src": "../../../../../node_modules/@angular/platform-browser/fesm2022/animations/async.mjs",
      "file": "@angular_platform-browser_animations_async.js",
      "fileHash": "481bdd18",
      "needsInterop": false
    },
    "@angular/router": {
      "src": "../../../../../node_modules/@angular/router/fesm2022/router.mjs",
      "file": "@angular_router.js",
      "fileHash": "87881ac7",
      "needsInterop": false
    },
    "file-saver": {
      "src": "../../../../../node_modules/file-saver/dist/FileSaver.min.js",
      "file": "file-saver.js",
      "fileHash": "0fdc1444",
      "needsInterop": true
    },
    "html2canvas": {
      "src": "../../../../../node_modules/html2canvas/dist/html2canvas.esm.js",
      "file": "html2canvas.js",
      "fileHash": "467f8b4d",
      "needsInterop": false
    },
    "jquery": {
      "src": "../../../../../node_modules/jquery/dist/jquery.js",
      "file": "jquery.js",
      "fileHash": "0cfdaf00",
      "needsInterop": true
    },
    "jspdf": {
      "src": "../../../../../node_modules/jspdf/dist/jspdf.es.min.js",
      "file": "jspdf.js",
      "fileHash": "5bf5a64d",
      "needsInterop": false
    },
    "ngx-spinner": {
      "src": "../../../../../node_modules/ngx-spinner/fesm2022/ngx-spinner.mjs",
      "file": "ngx-spinner.js",
      "fileHash": "de344154",
      "needsInterop": false
    },
    "ngx-toastr": {
      "src": "../../../../../node_modules/ngx-toastr/fesm2022/ngx-toastr.mjs",
      "file": "ngx-toastr.js",
      "fileHash": "497bc8ff",
      "needsInterop": false
    }
  },
  "chunks": {
    "purify.es-7333JEQ4": {
      "file": "purify__es-7333JEQ4.js"
    },
    "index.es-CKKSTVK3": {
      "file": "index__es-CKKSTVK3.js"
    },
    "chunk-UMXKHIZH": {
      "file": "chunk-UMXKHIZH.js"
    },
    "browser-SXURRB5T": {
      "file": "browser-SXURRB5T.js"
    },
    "chunk-NLKRNYRW": {
      "file": "chunk-NLKRNYRW.js"
    },
    "chunk-QBXBIICP": {
      "file": "chunk-QBXBIICP.js"
    },
    "chunk-NACAAT4E": {
      "file": "chunk-NACAAT4E.js"
    },
    "chunk-JVTRTBTI": {
      "file": "chunk-JVTRTBTI.js"
    },
    "chunk-ET5IJDWI": {
      "file": "chunk-ET5IJDWI.js"
    },
    "chunk-EE2UD4F4": {
      "file": "chunk-EE2UD4F4.js"
    },
    "chunk-CIQLZQVS": {
      "file": "chunk-CIQLZQVS.js"
    },
    "chunk-C2TGIUDG": {
      "file": "chunk-C2TGIUDG.js"
    },
    "chunk-NQKNSD63": {
      "file": "chunk-NQKNSD63.js"
    },
    "chunk-5ITYNC2A": {
      "file": "chunk-5ITYNC2A.js"
    },
    "chunk-IGIYCNSX": {
      "file": "chunk-IGIYCNSX.js"
    },
    "chunk-ASLTLD6L": {
      "file": "chunk-ASLTLD6L.js"
    }
  }
}